{"cameraMode":{"drawMode":0,"name":"Shaded","section":"Shading Mode"},"sceneLighting":false,"audioPlay":false,"sceneViewState":{"showFog":true,"showMaterialUpdate":false,"showSkybox":false,"showFlares":true,"showImageEffects":true,"showParticleSystems":true},"in2DMode":false,"pivot":{"x":0.035734087228775027,"y":0.3972732424736023,"z":0.0070736706256866459},"rotation":{"x":-0.4064905643463135,"y":-0.5905396938323975,"z":0.5299766659736633,"w":-0.45294445753097536},"size":10.0,"orthographic":true}