{"cameraMode":{"drawMode":0,"name":"Shaded","section":"Shading Mode"},"sceneLighting":true,"audioPlay":false,"sceneViewState":{"showFog":true,"showMaterialUpdate":false,"showSkybox":true,"showFlares":true,"showImageEffects":true,"showParticleSystems":true},"in2DMode":false,"pivot":{"x":-2.4640092849731447,"y":-1.0363966226577759,"z":-1.4482855796813965},"rotation":{"x":-0.14767016470432282,"y":0.7643174529075623,"z":-0.1885075718164444,"w":-0.5987386703491211},"size":2.5106067657470705,"orthographic":false}