{"cameraMode":{"drawMode":0,"name":"Shaded","section":"Shading Mode"},"sceneLighting":false,"audioPlay":false,"sceneViewState":{"showFog":true,"showMaterialUpdate":false,"showSkybox":false,"showFlares":true,"showImageEffects":true,"showParticleSystems":true},"in2DMode":false,"pivot":{"x":0.035734087228775027,"y":0.3972732424736023,"z":0.0070736706256866459},"rotation":{"x":0.0011309855617582799,"y":0.997429370880127,"z":-0.0698343887925148,"w":0.016159720718860627},"size":0.6780405044555664,"orthographic":true}