{"cameraMode":{"drawMode":0,"name":"Shaded","section":"Shading Mode"},"sceneLighting":false,"audioPlay":false,"sceneViewState":{"showFog":true,"showMaterialUpdate":false,"showSkybox":false,"showFlares":true,"showImageEffects":true,"showParticleSystems":true},"in2DMode":false,"pivot":{"x":0.0913616418838501,"y":-0.14693999290466309,"z":-0.4369712769985199},"rotation":{"x":-0.18407738208770753,"y":0.7352656722068787,"z":-0.22046169638633729,"w":-0.6139196753501892},"size":1.3106069564819337,"orthographic":false}