{"cameraMode":{"drawMode":0,"name":"Shaded","section":"Shading Mode"},"sceneLighting":false,"audioPlay":false,"sceneViewState":{"showFog":true,"showMaterialUpdate":false,"showSkybox":false,"showFlares":true,"showImageEffects":true,"showParticleSystems":true},"in2DMode":false,"pivot":{"x":-8.352897644042969,"y":-2.525336742401123,"z":7.3408050537109379},"rotation":{"x":0.0011309855617582799,"y":0.997429370880127,"z":-0.0698343887925148,"w":0.016159720718860627},"size":1.0999354124069214,"orthographic":true}