{"cameraMode":{"drawMode":0,"name":"Shaded","section":"Shading Mode"},"sceneLighting":false,"audioPlay":false,"sceneViewState":{"showFog":true,"showMaterialUpdate":false,"showSkybox":false,"showFlares":true,"showImageEffects":true,"showParticleSystems":true},"in2DMode":false,"pivot":{"x":1.1920928955078126e-7,"y":0.40274515748023989,"z":-0.014406919479370118},"rotation":{"x":0.0545356422662735,"y":0.9412554502487183,"z":-0.18532085418701173,"w":0.2769917845726013},"size":1.2417058944702149,"orthographic":true}